id;name;description
1;PCI Home adapter;pixel
2;primary Money Market Account Keys;Berkshire interactive XML
3;Planner firewall;Business-focused Division
4;Computer;Unbranded
5;Home Loan Account Overpass card;Chief
6;Checking Account withdrawal Intelligent;zero defect extranet Metal
7;Chief;solution-oriented
8;Cambridgeshire olive capacitor;Wooden Malagasy Ariary Bedfordshire
9;background TCP Fantastic Concrete Shoes;Auto Loan Account EXE Saint Kitts and Nevis
10;applications monetize HDD;Group Cloned
